<?xml version="1.0" encoding="UTF-8"?>
<odoo noupdate="1">
    <record id="config_parameter_leaflet_copyright" model="ir.config_parameter" forcecreate="True">
        <field name="key">leaflet.copyright</field>
        <field name="value"><![CDATA[
            &copy; <a href='http://www.openstreetmap.org/copyright'>OpenStreetMap</a>]]>
        </field>
    </record>
    <record id="config_parameter_leaflet_tile_url" model="ir.config_parameter" forcecreate="True">
        <field name="key">leaflet.tile_url</field>
        <field name="value">https://tile.openstreetmap.org/{z}/{x}/{y}.png</field>
    </record>
</odoo>
